<?xml version="1.0" encoding="UTF-8" standalone="yes"?>
<manifest>
  <control namespace="ftk.customControls" constructor="datetimePicker" version="0.0.3" display-name-key="Control_Display_Name_Key" description-key="Control_Description_Key" control-type="standard" api-version="1.2.3">
    <property name="datetimeValue" display-name-key="datetimeValue_Property_Display_Name_Key" description-key="datetimeValue_Property_Description_Key" of-type="DateAndTime.DateAndTime" usage="bound" required="true"/>
    <resources>
      <code path="bundle.js" order="1"/>
      <resx path="strings/datetimePicker.1033.resx" version="1.0.0"/>
    </resources>
    <built-by name="pac" version="1.5.5"/>
  </control>
</manifest>