<?xml version="1.0" encoding="UTF-8" standalone="yes"?>
<manifest>
  <control namespace="ftk.PCFControls" constructor="colorPicker" version="0.0.1" display-name-key="colorPicker" description-key="colorPicker description" control-type="standard" api-version="1.2.3">
    <property name="codigoColor" display-name-key="Codigo de Color" description-key="codigoColor" of-type="SingleLine.Text" usage="bound" required="true"/>
    <resources>
      <code path="bundle.js" order="1"/>
      <img path="res/img/preview.png"/>
    </resources>
    <built-by name="pac" version="1.3.1"/>
  </control>
</manifest>